setting,period,share_recomputed,counties,under_half,page_share,page_under,page_counties,match
default,2005-2009,73.69,3141,25,74%,25,3141,True
default,2010-2014,65.93,3141,89,66%,89,3141,True
default,2015-2019,68.54,3141,52,69%,52,3141,True
default,2020-2024,65.98,3141,66,66%,66,3141,True
"{""prof"": 0}",2005-2009,16.08,3141,2876,16%,2876,3141,True
"{""prof"": 0}",2010-2014,11.34,3141,3040,11%,3040,3141,True
"{""prof"": 0}",2015-2019,12.2,3141,3005,12%,3005,3141,True
"{""prof"": 0}",2020-2024,12.7,3141,2940,13%,2940,3141,True
"{""prof"": 5, ""after"": false}",2005-2009,45.75,3130,1236,46%,1236,3130,True
"{""prof"": 5, ""after"": false}",2010-2014,40.16,3131,1723,40%,1723,3131,True
"{""prof"": 5, ""after"": false}",2015-2019,45.22,3121,1235,45%,1235,3121,True
"{""prof"": 5, ""after"": false}",2020-2024,44.82,3112,1070,45%,1070,3112,True
"{""typed"": 60000}",2005-2009,56.59,3141,244,57%,244,3141,True
"{""typed"": 60000}",2010-2014,52.68,3141,311,53%,311,3141,True
"{""typed"": 60000}",2015-2019,48.46,3141,345,48%,345,3141,True
"{""typed"": 60000}",2020-2024,43.15,3141,434,43%,434,3141,True
"{""ht"": 2, ""prof"": 1}",2005-2009,68.01,3141,49,68%,49,3141,True
"{""ht"": 2, ""prof"": 1}",2010-2014,59.49,3141,117,59%,117,3141,True
"{""ht"": 2, ""prof"": 1}",2015-2019,61.0,3141,93,61%,93,3141,True
"{""ht"": 2, ""prof"": 1}",2020-2024,55.84,3141,173,56%,173,3141,True
"{""st"": ""39""}",2005-2009,84.98,88,0,85%,0,88,True
"{""st"": ""39""}",2010-2014,80.4,88,0,80%,0,88,True
"{""st"": ""39""}",2015-2019,83.93,88,0,84%,0,88,True
"{""st"": ""39""}",2020-2024,81.0,88,0,81%,0,88,True
"{""pct"": 40, ""after"": false}",2005-2009,93.5,3141,1,94%,1,3141,True
"{""pct"": 40, ""after"": false}",2010-2014,90.35,3141,0,90%,0,3141,True
"{""pct"": 40, ""after"": false}",2015-2019,93.21,3141,0,93%,0,3141,True
"{""pct"": 40, ""after"": false}",2020-2024,92.11,3141,2,92%,2,3141,True
